Sun Mar 18 21:36:02 +0000 2018,[Astoria] Golem (M) (IV: 64% - CP: 798) until 06:03:58PM at 25-40 Shore Blvd https://t.co/ugmabiK6ks https://t.co/KnUTLvsbCK,0
Sun Mar 18 21:29:04 +0000 2018,[Great Kills] Golem (F) (IV: 48% - CP: 1569) until 05:58:42PM at 204 Buffalo St https://t.co/3hN4VfC1fk https://t.co/UYl24QWGm2,0
Sun Mar 18 20:58:04 +0000 2018,Golem (M) (IV: 62% - CP: 622) until 05:27:51PM at 20-24 Treadwell Ave https://t.co/GcxgDacMth https://t.co/6WlPsI4cYf,0
Sun Mar 18 20:51:01 +0000 2018,[LIC] Golem (M) (IV: 64% - CP: 1841) until 05:19:16PM at 35-09 Starr Ave https://t.co/CRsgW5BHga https://t.co/gJfosID5dN,0
Sun Mar 18 20:44:03 +0000 2018,[Flushing] Golem (M) (IV: 86% - CP: 1059) until 05:13:19PM at 201-08 26th Ave https://t.co/Zbjyu4IKOB https://t.co/paKQASuiMp,0
Sun Mar 18 20:14:02 +0000 2018,[Central Park] Golem (F) (IV: 48% - CP: 2246) until 04:42:32PM at  East Dr https://t.co/iuR6mcRwDI https://t.co/lVPadHEsWk,0
Sun Mar 18 19:57:02 +0000 2018,[Little Neck] Golem (M) (IV: 66% - CP: 1760) until 04:26:09PM at 266-5-266-99 76th Ave https://t.co/3ycEFEcg02 https://t.co/BKzPGPcNO3,0
Sun Mar 18 19:30:02 +0000 2018,[East Bronx] Golem (F) (IV: 88% - CP: 2048) until 03:58:58PM at 3535 Carlisle Pl https://t.co/nOQJnb7lRJ https://t.co/AtKoYLW50g,0
Sun Mar 18 19:15:04 +0000 2018,[Rossville] Golem (F) (IV: 73% - CP: 1267) until 03:44:28PM at 140 Wirt Ave https://t.co/FanFe0QLme https://t.co/DEBSzhGtD3,0
Sun Mar 18 19:12:03 +0000 2018,[Upper Manhattan] Golem (M) (IV: 42% - CP: 604) until 03:41:12PM at 169 E 105th St https://t.co/qD2BE3zeOl https://t.co/xEjaG6ahpS,0
Sun Mar 18 19:07:01 +0000 2018,[Midtown West] Golem (M) (IV: 62% - CP: 2392) until 03:35:56PM at 47 Bond St https://t.co/f9fU0JpgmO https://t.co/5RO7EajoTK,0
Sun Mar 18 19:04:03 +0000 2018,[Far Rockaway] Golem (F) (IV: 26% - CP: 272) until 04:03:21PM at 81-0 Rockaway Beach Blvd https://t.co/tmqynRfP1b https://t.co/DAgp4tMx8i,0
Sun Mar 18 18:19:02 +0000 2018,[Canarsie] Golem (M) (IV: 40% - CP: 2296) until 03:18:09PM at  Shore Pkwy https://t.co/G9ImbLbOan https://t.co/QwyrOkGhHV,0
Sun Mar 18 17:54:04 +0000 2018,[Bedford-Stuyvesant] Golem (F) (IV: 73% - CP: 2580) until 02:23:33PM at 175 Sumpter St https://t.co/qL69SrM664 https://t.co/wbJphHNzCe,0
Sun Mar 18 17:46:02 +0000 2018,[Bedford-Stuyvesant] Golem (M) (IV: 71% - CP: 1525) until 02:15:14PM at 574 Greene Ave https://t.co/a0Vmu9MqyW https://t.co/0rqTKc63Gd,0
Sun Mar 18 17:44:03 +0000 2018,[West Bronx] Golem (M) (IV: 64% - CP: 1881) until 02:13:40PM at 69 W 225th St https://t.co/dq8cmWRyGx https://t.co/wySJuWf7vm,0
Sun Mar 18 17:41:01 +0000 2018,[Arverne] Golem (F) (IV: 44% - CP: 2089) until 02:09:58PM at 69-68-69-98 Rockaway Beach Blvd https://t.co/IYKNWZlNdj https://t.co/GTDzSEX1iC,0
Sun Mar 18 17:31:03 +0000 2018,[Far Rockaway] Golem (F) (IV: 77% - CP: 1613) until 02:00:23PM at 1-46 Beach 99th St https://t.co/a42MD16PL3 https://t.co/yLWVTHVupW,0
Sun Mar 18 17:23:01 +0000 2018,[LIC] Golem (F) (IV: 44% - CP: 1228) until 01:51:59PM at 41-01 48th St https://t.co/Fl24QFTmuJ https://t.co/wvXjT7WZb6,0
Sun Mar 18 17:21:02 +0000 2018,[Jamaica] Golem (F) (IV: 80% - CP: 1695) until 01:50:22PM at 119-11 229th St https://t.co/oXCl1GDTXJ https://t.co/Qpmnd0Rmwm,0
Sun Mar 18 17:05:02 +0000 2018,[Midtown] Golem (F) (IV: 60% - CP: 459) until 01:34:00PM at 7 W 44th St https://t.co/pwNzI3Y8Ie https://t.co/5H2wT1TEq9,0
Sun Mar 18 16:45:02 +0000 2018,[Crown Heights] Golem (M) (IV: 84% - CP: 2030) until 12:45:09PM at 1509 Park Pl https://t.co/WdvYYymfsm https://t.co/U6UJoPE1Qi,0
Sun Mar 18 16:30:03 +0000 2018,[East New York] Golem (M) (IV: 62% - CP: 2230) until 12:59:46PM at 632 Vermont St https://t.co/lvYx6lBmYA https://t.co/4KzhOwhz8A,0
Sun Mar 18 16:12:03 +0000 2018,[Midtown] Golem (F) (IV: 60% - CP: 2506) until 12:41:01PM at 150 E 42nd St https://t.co/uDWtdvAg7S https://t.co/3Y5IAapepM,0
Sun Mar 18 15:58:03 +0000 2018,[Jamaica] Golem (F) (IV: 55% - CP: 1883) until 12:27:37PM at 113-05 208th St https://t.co/eXYx6SEAl2 https://t.co/CC37c76rjy,0
Sun Mar 18 15:46:01 +0000 2018,[Flushing] Golem (M) (IV: 82% - CP: 1639) until 12:14:55PM at 76-10 57th Rd https://t.co/qlu99UUK6t https://t.co/IjrSn67uIc,0
Sun Mar 18 14:31:03 +0000 2018,[Upper Manhattan] Golem (F) (IV: 68% - CP: 1200) until 11:00:42AM at 116-126 Edgecombe Ave https://t.co/bFdhmrkpbw https://t.co/Bdva9OFaNb,0
Sun Mar 18 14:30:03 +0000 2018,[Red Hook] Golem (F) (IV: 48% - CP: 2392) until 10:59:25AM at 48-74 Dwight St https://t.co/D3suItfRCl https://t.co/RiIIim9azl,0
Sun Mar 18 14:20:04 +0000 2018,Golem (F) (IV: 75% - CP: 1769) until 10:48:28AM at 50 Brielle Ave https://t.co/JpsTYtMUgi https://t.co/HYDwpFbwWU,0
Sun Mar 18 14:05:02 +0000 2018,[Jamaica] Golem (M) (IV: 37% - CP: 834) until 10:32:21AM at 111-60 166th St https://t.co/GCUpIihwLs https://t.co/dOd7lX2X3J,0
Sun Mar 18 14:00:01 +0000 2018,[Richmond Hill] Golem (M) (IV: 57% - CP: 1399) until 10:27:13AM at 102-44 Atlantic Ave https://t.co/eigRbw6bSi https://t.co/YIMuMKHaZt,0
Sun Mar 18 13:59:17 +0000 2018,@statsroyale @ClashRoyale Uhmm I'm not sure My most favorite decks are Golem beat down and Xbow Master deck,0
Sun Mar 18 13:55:05 +0000 2018,[East Williamsburg] Golem (M) (IV: 80% - CP: 1709) until 10:24:53AM at 931 Grand St https://t.co/pXruFRAxpq https://t.co/39VKvb1Oa7,0
Sun Mar 18 13:53:01 +0000 2018,Golem (F) (IV: 62% - CP: 1098) until 10:21:35AM at 27-31 Orchard Pl https://t.co/sLSXFRSFcf https://t.co/JcbOVzqBMo,0
Sun Mar 18 13:05:03 +0000 2018,[West Bronx] Golem (F) (IV: 82% - CP: 819) until 09:34:24AM at 3102 Villa Ave https://t.co/3Ozqstb5Rs https://t.co/UlYc92DPxa,0
Sun Mar 18 13:04:01 +0000 2018,Golem (M) (IV: 55% - CP: 2518) until 09:32:54AM at 23 Pearl St https://t.co/k2QWdZ0G7a https://t.co/T5fXHneBOQ,0
Sun Mar 18 12:59:02 +0000 2018,[East New York] Golem (M) (IV: 46% - CP: 603) until 09:58:13AM at 343 Ashford St https://t.co/hB6vVGGTZ2 https://t.co/QKprTZlwWe,0
Sun Mar 18 12:43:02 +0000 2018,[East Bronx] Golem (F) (IV: 60% - CP: 1818) until 09:42:29AM at 3180 Giegerich Pl https://t.co/eHu3NnYTGD https://t.co/VQudKDkO45,0
Sun Mar 18 12:30:02 +0000 2018,Golem (F) (IV: 80% - CP: 2246) until 08:59:09AM at  Hendrickson Park Trail https://t.co/GZG4VL2xe0 https://t.co/riJQ2oH1G1,0
Sun Mar 18 12:16:02 +0000 2018,[West Bronx] Golem (F) (IV: 71% - CP: 1606) until 08:45:29AM at 2152 Hughes Ave https://t.co/xBl361sBXI https://t.co/Ru2lmBHgV9,0
Sun Mar 18 12:08:02 +0000 2018,[Astoria] Golem (M) (IV: 60% - CP: 2457) until 09:07:30AM at 18-25-18-43 43rd St https://t.co/CX1IL9CZ26 https://t.co/HN52jo9fP3,0
Sun Mar 18 11:48:02 +0000 2018,Golem (M) (IV: 64% - CP: 2362) until 08:17:40AM at 453-465 Fenimore St https://t.co/wbzLLO3hBy https://t.co/lcKPK2qOxW,0
Sun Mar 18 11:47:02 +0000 2018,[Middle Village] Golem (F) (IV: 33% - CP: 2453) until 08:16:01AM at 62-28-62-42 71st St https://t.co/HqvbOZDzDd https://t.co/cXD2BPJQHi,0
Sun Mar 18 11:44:02 +0000 2018,[Upper Manhattan] Golem (M) (IV: 64% - CP: 1037) until 08:13:38AM at 2-98 E 121st St https://t.co/XgGBkWC6TW https://t.co/bfN4X5PzgV,0
Sun Mar 18 11:36:02 +0000 2018,[West Bronx] Golem (F) (IV: 71% - CP: 804) until 08:05:02AM at 110 W Kingsbridge Rd https://t.co/bPqdlrARy6 https://t.co/V3gWwIHvTB,0
Sun Mar 18 11:33:03 +0000 2018,[Mariners Harbor] Golem (F) (IV: 55% - CP: 447) until 08:01:33AM at 34 Ronald Ave https://t.co/HpnpcLgFWI https://t.co/xoTYkVs6xf,0
Sun Mar 18 11:30:02 +0000 2018,[Upper Manhattan] Golem (M) (IV: 62% - CP: 1806) until 07:59:09AM at 1-7 E 116th St https://t.co/479gvoCNp6 https://t.co/xhE00wTVOz,0
Sun Mar 18 11:22:02 +0000 2018,[Stapleton] Golem (M) (IV: 84% - CP: 2128) until 07:51:23AM at 393 Van Duzer St https://t.co/diPEE9x0BL https://t.co/3IX7z2V1aJ,0
Sun Mar 18 11:04:02 +0000 2018,[South Ozone Park] Golem (F) (IV: 75% - CP: 2107) until 07:33:39AM at 130-11 N Conduit Ave https://t.co/WjVN2K0MV6 https://t.co/uk3m5ycJR1,0
Sun Mar 18 10:46:03 +0000 2018,[Rego Park] Golem (M) (IV: 86% - CP: 1463) until 07:15:37AM at 62-44 99th St https://t.co/RSep5DijCO https://t.co/isAOE7N8u8,0
Sun Mar 18 10:26:02 +0000 2018,[Far Rockaway] Golem (F) (IV: 88% - CP: 2305) until 06:53:57AM at 6-11 New Haven Ave https://t.co/1JbzcsV43L https://t.co/ULroCh6bPt,0
Sun Mar 18 10:09:03 +0000 2018,[Claremont] Golem (M) (IV: 80% - CP: 2600) until 06:38:50AM at 40.83741925  -73.91196219 https://t.co/tkFeESasX5 https://t.co/GxNMEcEKCs,0
Sun Mar 18 10:08:01 +0000 2018,[Gowanus] Golem (F) (IV: 66% - CP: 537) until 06:36:22AM at 264 Butler St https://t.co/sBdhBZjBUs https://t.co/L05oShJ3cU,0
Sun Mar 18 09:57:03 +0000 2018,[East New York] Golem (F) (IV: 51% - CP: 1801) until 06:26:27AM at 653 Euclid Ave https://t.co/wDsRibwCWa https://t.co/zcmQraXzrq,0
Sun Mar 18 09:51:02 +0000 2018,[Downtown Brooklyn] Golem (M) (IV: 71% - CP: 2335) until 06:19:56AM at 21-27 Johnson St https://t.co/aymwH17gnx https://t.co/w6JGN8RTmf,0
Sun Mar 18 09:46:03 +0000 2018,[Little Neck] Golem (M) (IV: 44% - CP: 770) until 06:15:18AM at 26435-26441 Grand Central Pkwy… https://t.co/5fmQBCB7ig,0
Sun Mar 18 09:45:03 +0000 2018,[LIC] Golem (F) (IV: 68% - CP: 1971) until 06:14:20AM at 39-14 29th St https://t.co/UpIgNDcXdQ https://t.co/2aPIzVkvpb,0
Sun Mar 18 09:41:01 +0000 2018,[Upper Manhattan] Golem (F) (IV: 62% - CP: 2282) until 06:10:00AM at 407 E 119th St https://t.co/NL336oqkWk https://t.co/07XOs6oaoG,0
Sun Mar 18 09:40:03 +0000 2018,[Brooklyn Heights] Golem (M) (IV: 80% - CP: 1375) until 06:39:45AM at 45 Monroe Place https://t.co/570XKnN7mO https://t.co/Is877hsC4o,0
Sun Mar 18 09:39:03 +0000 2018,[West Bronx] Golem (M) (IV: 57% - CP: 1256) until 06:07:57AM at 2442-2658 Sedgwick Ave https://t.co/TWSoSTtQoR https://t.co/c1hOpcRksT,0
Sun Mar 18 09:29:01 +0000 2018,[South Ozone Park] Golem (F) (IV: 66% - CP: 1436) until 05:58:16AM at 132-1-132-99 116th St https://t.co/XMuePY9uGO https://t.co/EKAejE4ywW,0
Sun Mar 18 09:24:02 +0000 2018,[Bergen Beach] Golem (M) (IV: 66% - CP: 2058) until 05:53:03AM at 2333 Royce St https://t.co/NNjfsEUBjn https://t.co/P0neExExD6,0
Sun Mar 18 08:58:02 +0000 2018,Golem (M) (IV: 77% - CP: 2268) until 05:27:25AM at 40.71931055  -73.77338833 https://t.co/UZlhHrKgVK https://t.co/3OKU9FWVLk,0
Sun Mar 18 08:39:04 +0000 2018,[Rockaway Park] Golem (M) (IV: 57% - CP: 2475) until 05:08:52AM at 112 Rockaway Fwy https://t.co/kgyWPQDxgo https://t.co/TQEa0cwoDz,0
Sun Mar 18 08:29:03 +0000 2018,[Woodhaven] Golem (M) (IV: 84% - CP: 809) until 04:58:41AM at 86-19 96th St https://t.co/3XqqgNiiMb https://t.co/LcHhnzS6e0,0
Sun Mar 18 08:20:02 +0000 2018,[Jamaica] Golem (M) (IV: 57% - CP: 1098) until 05:18:20AM at 99-10 208th St https://t.co/lkFtlvyuvE https://t.co/P3i1Y2vub3,0
Sun Mar 18 08:11:02 +0000 2018,[East Bronx] Golem (M) (IV: 60% - CP: 1591) until 04:39:54AM at 101 Longstreet Ave https://t.co/ykhALcq5X0 https://t.co/X2qZcD4ynY,0
Sun Mar 18 07:58:01 +0000 2018,[Astoria] Golem (F) (IV: 60% - CP: 2218) until 04:26:54AM at 36-11 30th Ave https://t.co/uwyjIdi8gB https://t.co/brCHAwK9NF,0
Sun Mar 18 07:52:02 +0000 2018,[Washington Heights] Golem (F) (IV: 68% - CP: 2393) until 04:21:20AM at 40.8420499  -73.93308886… https://t.co/0JZAlcwf9V,0
Sun Mar 18 07:29:02 +0000 2018,[Midtown] Golem (M) (IV: 46% - CP: 926) until 03:58:10AM at 522 5th Ave https://t.co/e6pcUtvc9s https://t.co/ORNrqPvE7E,0
Sun Mar 18 07:22:03 +0000 2018,[Canarsie] Golem (F) (IV: 46% - CP: 525) until 03:50:40AM at 592 E 85th St https://t.co/OwJUSzSSMi https://t.co/FMjZPWYIGF,0
Sun Mar 18 07:22:02 +0000 2018,[East Bronx] Golem (F) (IV: 64% - CP: 2393) until 03:51:02AM at 3021-3031 Holland Ave https://t.co/q0csIfPVqF https://t.co/qndsZRBCOa,0
Sun Mar 18 06:52:04 +0000 2018,[Bayside] Golem (M) (IV: 80% - CP: 641) until 03:21:30AM at 210-06 42nd Ave https://t.co/5gjVrns1n4 https://t.co/7uagU9wSIB,0
Sun Mar 18 06:44:04 +0000 2018,[Flushing] Golem (F) (IV: 66% - CP: 2053) until 03:13:48AM at 160-17-160-99 Oak Ave https://t.co/aeW9ZX6gSe https://t.co/bjfvRDM7bo,0
Sun Mar 18 06:37:02 +0000 2018,Golem (F) (IV: 73% - CP: 1695) until 03:06:14AM at 324 Foster Ave https://t.co/mVqWKEvcct https://t.co/Ez9rHX7TWM,0
Sun Mar 18 06:29:02 +0000 2018,Golem (M) (IV: 71% - CP: 1431) until 02:57:09AM at 14 Port Terminal Blvd https://t.co/IEvbYlXdvX https://t.co/C0sewicSyu,0
Sun Mar 18 06:06:02 +0000 2018,[Glen Oaks] Golem (F) (IV: 64% - CP: 1033) until 02:35:03AM at 265-01 Langston Ave https://t.co/7yhysC9VEg https://t.co/biWuS2vtSG,0
Sun Mar 18 06:00:03 +0000 2018,[Coney Island] Golem (F) (IV: 42% - CP: 2478) until 02:29:16AM at 2524-2698 Mermaid Ave https://t.co/VhUvemB26V https://t.co/OTkcUlyodN,0
Sun Mar 18 05:43:03 +0000 2018,[East Flatbush] Golem (F) (IV: 88% - CP: 2460) until 02:42:47AM at 275 E 55th St https://t.co/TJnMTaPrJT https://t.co/UUnwdkQIwc,0
Sun Mar 18 05:27:03 +0000 2018,[Upper Manhattan] Golem (M) (IV: 75% - CP: 1537) until 01:56:40AM at 160 Bond St https://t.co/ykWz7LcJpK https://t.co/xJE1n8PYsl,0
Sun Mar 18 05:21:01 +0000 2018,[Heartland Village] Golem (F) (IV: 53% - CP: 1103) until 01:50:02AM at 1746 Forest Hill Rd https://t.co/vQzYV0CY5K https://t.co/515lm66d3b,0
Sun Mar 18 05:12:03 +0000 2018,[Concourse] Golem (M) (IV: 57% - CP: 2484) until 01:41:35AM at 1224 Walton Ave https://t.co/gnnhNU9yLC https://t.co/IcJelP5RVi,0
Sun Mar 18 04:56:04 +0000 2018,[Flushing] Golem (F) (IV: 71% - CP: 2233) until 01:25:51AM at 173-27 Fairchild Ave https://t.co/y9ZIb1vdFF https://t.co/cvhHpoRoMe,0
Sun Mar 18 04:53:03 +0000 2018,[Crown Heights] Golem (F) (IV: 57% - CP: 1267) until 01:20:28AM at 1448 Sterling Pl https://t.co/67LMHVxcU5 https://t.co/fzmZQkMcmP,0
Sun Mar 18 03:37:01 +0000 2018,[West Bronx] Golem (F) (IV: 55% - CP: 1964) until 12:05:23AM at  Sycamore Ave https://t.co/s3lAPPYwwt https://t.co/Ew1mhujgqI,0
Sun Mar 18 03:15:02 +0000 2018,[West Bronx] Golem (F) (IV: 42% - CP: 604) until 11:44:18PM at 302 E 176th St https://t.co/cjyk8Ug49I https://t.co/34wTSK6hNx,0
Sun Mar 18 03:04:03 +0000 2018,[Canarsie] Golem (M) (IV: 60% - CP: 706) until 11:33:37PM at 1349 East 100th Street https://t.co/HnMe80fS7u https://t.co/5zuENGcCE2,0
Sun Mar 18 02:42:03 +0000 2018,[Cypress Hills] Golem (F) (IV: 33% - CP: 1816) until 11:41:47PM at 3167 Fulton St https://t.co/jRehxS3fMI https://t.co/JJI61RpbI0,0
Sun Mar 18 02:40:04 +0000 2018,[Queens Village] Golem (M) (IV: 66% - CP: 1584) until 11:09:28PM at 214-0-214-98 Nashville Blvd… https://t.co/Fj2PisskNm,0
Sun Mar 18 02:20:02 +0000 2018,[Howard Beach] Golem (F) (IV: 75% - CP: 1285) until 10:48:00PM at 82-37-82-39 153rd Ave https://t.co/EcNFE37PHg https://t.co/zdUXKZt5MA,0
Sun Mar 18 02:10:03 +0000 2018,[Brownsville] Golem (F) (IV: 37% - CP: 1447) until 10:39:31PM at 180 Powell St https://t.co/e3saPTeX2g https://t.co/Z6JGCWIVWJ,0
Sun Mar 18 01:49:02 +0000 2018,[Midtown] Golem (M) (IV: 80% - CP: 891) until 10:18:22PM at 124 W 18th St https://t.co/wYwSxYdvBK https://t.co/ADYHKtZn21,0
Sun Mar 18 01:38:02 +0000 2018,[Sunset Park] Golem (M) (IV: 80% - CP: 1863) until 10:37:17PM at  58th St https://t.co/hctQrU3kQ8 https://t.co/C6rKmMQD7N,0
Sun Mar 18 01:37:03 +0000 2018,[Upper Manhattan] Golem (M) (IV: 86% - CP: 1626) until 10:06:27PM at 400-446 Cabrini Blvd https://t.co/9qV1JUvKCS https://t.co/rlI3PTpbdI,0
Sun Mar 18 01:22:01 +0000 2018,[Bushwick] Golem (M) (IV: 84% - CP: 727) until 09:50:37PM at 26 Schaefer St https://t.co/cy1ggiH6oh https://t.co/Av7QLQTE6M,0
Sun Mar 18 01:17:03 +0000 2018,[Flushing] Golem (M) (IV: 62% - CP: 1022) until 09:46:33PM at 140-1-140-51 Booth Memorial Ave… https://t.co/0eLGG0NISl,0
Sun Mar 18 01:01:02 +0000 2018,[Arverne] Golem (F) (IV: 37% - CP: 2295) until 10:00:10PM at 60-0-60-98 Boardwalk https://t.co/fhTNTPMm6A https://t.co/BqQAOTUnzE,0
Sun Mar 18 00:46:03 +0000 2018,[Jamaica] Golem (M) (IV: 55% - CP: 450) until 09:45:05PM at 130-24 S Conduit Ave https://t.co/hVUr7f1WVm https://t.co/YpHKpzqBiS,0
Sun Mar 18 00:34:04 +0000 2018,[Midtown] Golem (M) (IV: 55% - CP: 1497) until 09:03:46PM at 450 Park Ave https://t.co/LHgRDJOA1G https://t.co/lzMZDguLMc,0
Sun Mar 18 00:14:03 +0000 2018,Golem (M) (IV: 62% - CP: 2495) until 08:41:28PM at 59 Armstrong Ln https://t.co/xn6s1LST8u https://t.co/Wfc5vYTJIY,0
Sun Mar 18 00:00:03 +0000 2018,[Upper Manhattan] Golem (F) (IV: 57% - CP: 2024) until 08:29:28PM at 510 W 165th St https://t.co/QiezrD3s57 https://t.co/fK06F46Cwi,0
